nba_id,player_name,team_name,o_dpm,d_dpm,minutes
1713,Vince Carter,Atlanta Hawks,-2.374295875343402,0.4285905841456311,12.120995882450961
1717,Dirk Nowitzki,Dallas Mavericks,-0.7615909786468557,0.1489653650905012,20.868249785929187
2037,Jamal Crawford,Phoenix Suns,-0.9973419376492927,-2.9546064446907043,19.387638809523853
2199,Tyson Chandler,Phoenix Suns,-2.7681621838795016,0.7229715245675029,4.63004830266997
2200,Pau Gasol,San Antonio Spurs,-2.8243283559739423,0.5681375338265876,17.383516370495357
2225,Tony Parker,Charlotte Hornets,-1.674111209553877,-0.9918094408532723,12.01509936616053
2403,Nene,Houston Rockets,-1.7377076378842669,2.0884034402676956,1.205627853082307
2544,LeBron James,Los Angeles Lakers,5.717814559377926,0.3012493345004156,37.37898308998455
2546,Carmelo Anthony,Houston Rockets,-0.045206867188728524,-0.4465291350862384,25.688963150752915
2548,Dwyane Wade,Miami Heat,-0.9727537872505285,-0.4359982240466367,23.039407329665394
2585,Zaza Pachulia,Detroit Pistons,-1.6497370706864045,1.751946994592385,1.0640182088003085
2594,Kyle Korver,Cleveland Cavaliers,0.30117345477765284,0.268185979714899,19.36811655005694
2617,Udonis Haslem,Miami Heat,-4.806443436442065,-0.302864584742281,-0.6185898372355302
2730,Dwight Howard,Washington Wizards,-0.8971682184262507,0.9311707804129495,24.040852322121616
2733,Shaun Livingston,Golden State Warriors,-1.063054535200147,-0.501122402106631,16.196564327693658
2734,Devin Harris,Dallas Mavericks,-0.2342226070798415,-0.11022605120636807,15.708404049578833
2736,Luol Deng,Minnesota Timberwolves,-1.2848515456659149,0.16964994396261643,-0.056025420106159844
2738,Andre Iguodala,Golden State Warriors,-0.6085633087738646,1.9676794255845655,24.83459418296572
2747,JR Smith,Cleveland Cavaliers,-0.5580010182274551,-0.9578125641175972,31.569837046962597
2772,Trevor Ariza,Phoenix Suns,-0.6906841608333771,1.0153000516621922,32.9259943632328
101106,Andrew Bogut,Golden State Warriors,-3.9632070901955996,2.567092462411118,3.460212748680969
101107,Marvin Williams,Charlotte Hornets,-0.12685633023034723,0.06194282312229169,22.952972827739398
101108,Chris Paul,Houston Rockets,4.720166087376461,1.8162268407073803,20.30030944056728
101109,Raymond Felton,Oklahoma City Thunder,-1.1389639496088388,-0.9825901848209615,12.077583096196001
101112,Channing Frye,Cleveland Cavaliers,-0.7724764423011022,0.14852681867970902,5.564815156621387
101123,Gerald Green,Houston Rockets,-0.6573116303248896,-0.9905231869708723,18.480842620056375
101133,Ian Mahinmi,Washington Wizards,-1.5799574571890498,1.9267180833079427,8.871145943711236
101139,CJ Miles,Toronto Raptors,0.6327854491850301,-0.26813092315201914,24.05046327491294
101141,Ersan Ilyasova,Milwaukee Bucks,-0.43004819614689255,0.7365489268590266,17.440357444144627
101150,Lou Williams,Los Angeles Clippers,2.6817504613596492,-2.6077052941229373,31.694145716261882
101161,Amir Johnson,Philadelphia 76ers,-1.4975619813587446,1.8894063279283633,3.573934784594732
101162,Marcin Gortat,Los Angeles Clippers,-1.8736877496195932,2.0022632630505677,23.195529921751447
101181,Jose Calderon,Detroit Pistons,-1.4852794842995007,-0.5405783671783022,1.4975266295481775
200746,LaMarcus Aldridge,San Antonio Spurs,1.555435596455839,1.9723723484400546,35.150661101484225
200752,Rudy Gay,San Antonio Spurs,-0.30296788183561224,0.37445188219804654,30.816290452952767
200755,JJ Redick,Philadelphia 76ers,1.9971379944115153,-1.5116757001867744,34.397828800386506
200757,Thabo Sefolosha,Utah Jazz,-1.1574502520682113,1.0525489984433316,5.307819893730323
200765,Rajon Rondo,Los Angeles Lakers,-2.3823039802142305,0.26949752478794575,26.066443738125237
200768,Kyle Lowry,Toronto Raptors,2.5059231401857582,1.1966737887441707,34.49917352205192
200782,P.J. Tucker,Houston Rockets,-0.9518596913247648,1.0755997264245363,38.512185900494
200794,Paul Millsap,Denver Nuggets,-0.2519488900062907,1.4341845071845376,33.378703170163625
200826,J.J. Barea,Dallas Mavericks,1.4093366161893017,-0.9835794926066276,19.66974245749645
201142,Kevin Durant,Golden State Warriors,5.995776131304298,-0.4972748134338667,39.72004395619517
201143,Al Horford,Boston Celtics,-0.15487148200732417,1.8640917132732262,36.64411996121375
201144,Mike Conley,Memphis Grizzlies,3.5436970209602516,-0.12473242202272943,29.337478487417936
201145,Jeff Green,Washington Wizards,-0.8827595172457303,-0.7386609592131843,21.45107622112231
201147,Corey Brewer,Philadelphia 76ers,-1.8471654131448743,0.5694742495376509,19.70248903139311
201149,Joakim Noah,Memphis Grizzlies,-2.7922362012165522,1.342666521510663,0.6511101859632076
201152,Thaddeus Young,Indiana Pacers,0.3474284175260913,1.547049290528798,33.13464923609824
201156,Nick Young,Denver Nuggets,-1.038923169375313,-1.0773150098812854,6.478708183655826
201158,Marco Belinelli,San Antonio Spurs,0.13166182465839318,-1.597950449173458,19.62589336209287
201160,Jason Smith,Washington Wizards,-2.13958656951953,-0.5169686007055081,0.3646579263744366
201162,Jared Dudley,Brooklyn Nets,-0.7535823991971419,1.1287252794244735,14.116291412642433
201163,Wilson Chandler,Philadelphia 76ers,-0.13872766125782873,-0.47843982150099135,33.054256974614454
201188,Marc Gasol,Memphis Grizzlies,-0.9043384119384024,1.24698956150978,26.09809354319709
201229,Anthony Tolliver,Minnesota Timberwolves,-0.17549744171542464,0.6445685295500102,27.49818065374214
201281,Andre Ingram,Los Angeles Lakers,-0.6249245382706285,-0.061246209599739275,19.37259965786029
201563,Michael Beasley,Los Angeles Lakers,-0.32928191367717263,-0.8239785898002963,19.830257194182074
201565,Derrick Rose,Minnesota Timberwolves,0.016045837620249352,-1.8425396264281506,23.18933476993469
201566,Russell Westbrook,Oklahoma City Thunder,5.583179409561889,0.4384897112245909,40.411577909180345
201567,Kevin Love,Cleveland Cavaliers,1.4139895891469976,-0.04962105662409751,29.175397015683764
201568,Danilo Gallinari,Los Angeles Clippers,1.250783406554975,-0.009555194384626594,11.806309971234128
201569,Eric Gordon,Houston Rockets,1.7102330145166742,-0.9892913740308226,35.484287807191926
201571,D.J. Augustin,Orlando Magic,-0.30596380647356286,-1.3644362958420402,20.421887819598286
201572,Brook Lopez,Milwaukee Bucks,-0.11074273855874733,0.8376015241430805,17.07456203920396
201573,Jerryd Bayless,Minnesota Timberwolves,-1.9913797970171532,-0.7297401818556031,0.04503888957167159
201577,Robin Lopez,Chicago Bulls,-1.4500465183577638,1.3601848021941556,1.399602140862336
201580,JaVale McGee,Los Angeles Lakers,-0.8175721166680916,-0.09266756240111312,10.832555260858834
201583,Ryan Anderson,Phoenix Suns,0.6182054199522323,-0.3361036433772241,4.548821847817251
201584,Courtney Lee,New York Knicks,-0.6536596816257491,-1.0941844087099517,14.325027228145807
201585,Kosta Koufos,Sacramento Kings,-1.6544968499792319,0.81175169193715,1.3705609456762042
201586,Serge Ibaka,Toronto Raptors,0.29734857405175996,0.7867071228524138,21.717292116425526
201587,Nicolas Batum,Charlotte Hornets,1.0634536603352622,-0.7797313723011373,21.96067014424356
201588,George Hill,Cleveland Cavaliers,1.2038390961554206,0.025517263935509318,29.26219326770369
201599,DeAndre Jordan,Dallas Mavericks,-0.0973758930554124,1.5184666490276237,22.238423067295265
201601,Luc Mbah a Moute,Los Angeles Clippers,-1.649131293198968,1.617306684369284,5.501444958497302
201609,Goran Dragic,Miami Heat,1.1518427608828459,-0.18964953982674965,31.53313656258171
201933,Blake Griffin,Detroit Pistons,2.1842947469701985,0.49856400322563926,29.55998229726758
201935,James Harden,Houston Rockets,6.735126451281908,-0.7347837808553076,39.696061008660685
201936,Tyreke Evans,Indiana Pacers,1.761527558052636,-0.48855113543306566,22.815136152102284
201937,Ricky Rubio,Utah Jazz,0.8995983712375863,2.14960752543647,24.144263722563043
201939,Stephen Curry,Golden State Warriors,6.436231995588709,1.0802003532755793,39.221243215662966
201942,DeMar DeRozan,San Antonio Spurs,1.3839556719733543,-1.4933411674376915,29.377281782187126
201949,James Johnson,Miami Heat,-0.8743443210437525,0.7565870792780351,31.22685904979959
201950,Jrue Holiday,New Orleans Pelicans,2.021975126280141,1.7397256140148774,40.6928992429492
201952,Jeff Teague,Minnesota Timberwolves,1.3918535254248832,-0.3799697958663567,32.37764358166613
201954,Darren Collison,Indiana Pacers,1.2173352332730043,-0.3859169336283391,30.56508415899063
201956,Omri Casspi,Memphis Grizzlies,-1.1385269530584508,-0.5260681186426769,5.200556855315363
201959,Taj Gibson,Minnesota Timberwolves,0.04111660709744767,0.8175905836266618,24.3198661188473
201960,DeMarre Carroll,Brooklyn Nets,0.1847296762897388,-0.0011786664771563718,26.20091979395028
201961,Wayne Ellington,Miami Heat,0.3352651528837256,-0.4113144901260695,1.3066570717931065
201967,Dante Cunningham,San Antonio Spurs,-1.42654594191094,-0.14972758740745126,15.666666774988956
201973,Jonas Jerebko,Golden State Warriors,-0.8960386197139609,0.009924231708601029,7.289728913713362
201975,Jodie Meeks,Toronto Raptors,-0.8025378108419561,-0.5796116622960192,4.942819581336749
201976,Patrick Beverley,Los Angeles Clippers,0.07575775703659714,0.25120648391179323,20.18350432393396
201980,Danny Green,Toronto Raptors,-0.9776464962703826,1.7377315432171576,16.717155332523184
201988,Patty Mills,San Antonio Spurs,0.37324391987081534,-0.009014306696782132,33.59567992762735
202066,Garrett Temple,Memphis Grizzlies,-2.0191691525261746,-0.3716187689360604,6.8031453099143215
202083,Wesley Matthews,Dallas Mavericks,-0.7173912577767702,-0.7625044436945251,20.64302134756424
202322,John Wall,Washington Wizards,2.871702563034786,0.29520275551212966,39.51232213827455
202323,Evan Turner,Portland Trail Blazers,-2.4929885912323,-0.1701073830691319,29.54951655791786
202324,Derrick Favors,Utah Jazz,-0.7560869622290773,1.900860014481584,17.846579922897362
202325,Wesley Johnson,New Orleans Pelicans,-1.7364379706577948,0.8552932887852585,8.96663784506778
202326,DeMarcus Cousins,Golden State Warriors,1.2942487595183079,1.3318048830713909,29.657520108299288
202327,Ekpe Udoh,Utah Jazz,-2.044819626707829,1.1221946898037705,1.1539023180025132
202328,Greg Monroe,Toronto Raptors,-0.8653291326639624,-0.34376313724858026,0.49591942193612926
202329,Al-Farouq Aminu,Portland Trail Blazers,-0.2598754573687033,1.4037732837602082,32.37784083866499
202330,Gordon Hayward,Boston Celtics,1.2082787099032037,-0.16192238314325919,24.487995332880242
202331,Paul George,Oklahoma City Thunder,1.8124648443864613,0.9976544123011566,42.426364189015914
202334,Ed Davis,Brooklyn Nets,-1.8459668349783844,0.8321651617290207,14.281720436836727
202335,Patrick Patterson,Oklahoma City Thunder,-0.657476617807023,0.508460848116948,7.389714767687455
202339,Eric Bledsoe,Milwaukee Bucks,2.3923975759585465,1.1298128869244801,32.10437747737025
202340,Avery Bradley,Los Angeles Clippers,-1.3119652504572807,-0.49205139737857095,3.026447443820818
202347,Quincy Pondexter,San Antonio Spurs,-2.0542700876312296,-0.45425223853340874,1.78187452967809
202355,Hassan Whiteside,Miami Heat,-0.5325294742286167,0.8563543168869858,15.844113997078136
202357,Nemanja Bjelica,Sacramento Kings,-0.011847130889400533,-0.24015414375988747,8.16721710468176
202362,Lance Stephenson,Los Angeles Lakers,-0.38283369228136827,-1.2223116468944368,17.19143917160047
202391,Jeremy Lin,Atlanta Hawks,-0.5236728915485098,-0.44419657746201,17.65045644127382
202397,Ish Smith,Detroit Pistons,0.6827170963376186,-0.14288493365909777,18.755541962461105
202498,Lance Thomas,New York Knicks,-2.0831983988512994,-0.5227418923576735,17.9098572683183
202681,Kyrie Irving,Boston Celtics,5.014723691858709,-1.047993473347581,25.720788588398577
202683,Enes Kanter,New York Knicks,1.1128306829838817,-1.3090492236568143,29.13185830001265
202684,Tristan Thompson,Cleveland Cavaliers,-1.0540034255534536,-0.4878490575747853,23.53310899805435
202685,Jonas Valanciunas,Toronto Raptors,0.34026129798668403,-0.10670883306372525,22.115847736217326
202687,Bismack Biyombo,Charlotte Hornets,-2.8326290468123188,0.43986548411416204,9.278065567326534
202688,Brandon Knight,Houston Rockets,-1.5684986848087585,-0.7228723573108762,0.8591010110864234
202689,Kemba Walker,Charlotte Hornets,3.6845246473815103,0.48592146737854164,26.01613914964897
202690,Jimmer Fredette,Phoenix Suns,-0.9104703262905772,-0.597059277990362,1.4138864553650052
202691,Klay Thompson,Golden State Warriors,1.7322159339098748,-0.20867914627472128,34.45010826399114
202692,Alec Burks,Utah Jazz,-0.6525792188943482,-0.5151083424902916,19.667325421755084
202693,Markieff Morris,Washington Wizards,-0.25771929602347615,0.4563852204598406,31.089772946637222
202694,Marcus Morris Sr.,Boston Celtics,-0.9470316212983018,-0.42772525805372896,31.099123396163808
202695,Kawhi Leonard,Toronto Raptors,3.190336666320929,1.6547788894413562,22.405314127736577
202696,Nikola Vucevic,Orlando Magic,-1.0123303860709694,1.5615913397506964,17.25795402803741
202697,Iman Shumpert,Sacramento Kings,-0.7512715786925594,0.03000651006669068,-0.007971758706527816
202699,Tobias Harris,Los Angeles Clippers,0.6919600296010596,-0.8242526222773894,30.19150759845727
202700,Donatas Motiejunas,San Antonio Spurs,-1.8141155810069718,-0.22574366924304362,13.98144034331014
202702,Kenneth Faried,Brooklyn Nets,-0.41029024632557437,-0.23436353327663417,-0.007181241111873003
202703,Nikola Mirotic,New Orleans Pelicans,1.3294134411832867,0.6122092454674372,34.69519361976249
202704,Reggie Jackson,Detroit Pistons,0.590440961993251,-0.5838183709063252,28.206444689127988
202705,MarShon Brooks,Memphis Grizzlies,0.7115316713487124,-0.8710752348925398,26.194594390789806
202709,Cory Joseph,Indiana Pacers,-1.233208735057315,-0.4962883889485184,18.949870401092472
202710,Jimmy Butler,Minnesota Timberwolves,3.2401515779794354,1.2640945787076723,32.79812782973194
202711,Bojan Bogdanovic,Indiana Pacers,0.2154839017995938,-0.5088755094148333,32.923121589808055
202714,Shelvin Mack,Memphis Grizzlies,-0.7946831934784946,-0.17064605963306168,18.85087203104028
202718,Chandler Parsons,Memphis Grizzlies,-0.46368417714632115,-0.7130523678110863,15.684155879532735
202720,Jon Leuer,Detroit Pistons,-1.3457006251296006,0.4049152822213139,2.060964963462394
202722,Davis Bertans,San Antonio Spurs,0.03372820680194016,0.6728920547705274,13.323376729516415
202734,E'Twaun Moore,New Orleans Pelicans,0.2507498882224863,0.49347869546959233,35.55988200059141
202738,Isaiah Thomas,Denver Nuggets,-0.10370725215375765,-1.7389217345954608,22.78439773316342
202954,Brad Wanamaker,Boston Celtics,-0.9300777045091667,-0.23153881747482838,10.54343833236791
203076,Anthony Davis,New Orleans Pelicans,2.088029229555574,1.585039978171385,40.91148401914787
203077,Michael Kidd-Gilchrist,Charlotte Hornets,-0.1838601267077593,0.9711786262457467,24.395052681854903
203078,Bradley Beal,Washington Wizards,2.605763919092925,-0.2591481027433623,37.144213821054834
203079,Dion Waiters,Miami Heat,-1.0463413128510344,-0.20782815475267186,17.81057981947627
203081,Damian Lillard,Portland Trail Blazers,5.519869241749202,-1.1935436336845722,39.93229006948994
203082,Terrence Ross,Orlando Magic,-0.03711198423044829,0.11455240706607465,12.533073446483892
203083,Andre Drummond,Detroit Pistons,-0.3004791878618944,-0.0939372245692672,37.97620968485285
203084,Harrison Barnes,Dallas Mavericks,0.11136011879069949,-0.5674145332140474,35.68079534829718
203085,Austin Rivers,Washington Wizards,-0.15901135374740044,-1.402601352184703,26.721166892174896
203086,Meyers Leonard,Portland Trail Blazers,-1.1918076088501552,-0.380138892424451,2.6545407909162395
203087,Jeremy Lamb,Charlotte Hornets,0.8643539672862374,-0.8742302515954996,21.844845711993763
203089,John Henson,Milwaukee Bucks,-1.326764451705116,1.106761602411094,31.315181611574914
203090,Maurice Harkless,Portland Trail Blazers,-0.02992370275243459,1.0283363026139232,27.473308333543237
203092,Tyler Zeller,Atlanta Hawks,-1.530063609964613,0.6509792285679457,7.7433667001743816
203093,Terrence Jones,Houston Rockets,-0.8855456222178508,-0.28759538651697364,0.3830908680597055
203095,Evan Fournier,Orlando Magic,1.216158849155456,-1.0802428835485745,28.671214757051402
203098,John Jenkins,Washington Wizards,-0.5155414847263312,-0.937439846179031,1.7948808606300544
203101,Miles Plumlee,Atlanta Hawks,-3.1058532002867043,0.3756056375339763,13.053363224731802
203107,Tomas Satoransky,Washington Wizards,-0.6069793103017511,-0.04599312458941536,12.483025523917924
203109,Jae Crowder,Utah Jazz,-0.5607838632815614,0.4592605032746482,31.385883340007343
203110,Draymond Green,Golden State Warriors,0.20107706799153832,2.89194797642953,39.79408132682095
203112,Quincy Acy,Phoenix Suns,-0.5513910574753649,0.2058368548555179,18.59559246050707
203114,Khris Middleton,Milwaukee Bucks,2.3204058475009206,0.8351114416086046,38.713732919435195
203115,Will Barton,Denver Nuggets,0.9595636497644021,-0.962283667588471,38.58015208748956
203118,Mike Scott,Los Angeles Clippers,-0.5284141703431986,-0.9991532829033573,15.438366062378718
203121,Darius Miller,New Orleans Pelicans,-0.1324793835224642,-0.5797286414147473,16.745352398614546
203124,Kyle O'Quinn,Indiana Pacers,-1.2470009648474476,0.9587516485931903,20.582629647513286
203145,Kent Bazemore,Atlanta Hawks,-0.9232414070154482,0.16865078513151904,20.517773244453387
203159,Scott Machado,Los Angeles Lakers,-1.4417168650789347,-0.45070570026843954,1.0304303694010135
203200,Justin Holiday,Chicago Bulls,-0.544524700242347,0.6581249516691345,16.198539237723537
203210,JaMychal Green,Memphis Grizzlies,-0.9285121764567823,0.004969085054727822,17.547974370822107
203263,James Nunnally,Minnesota Timberwolves,-1.3715761998061324,-0.44669484834199297,0.8903444536604586
203382,Aron Baynes,Boston Celtics,-2.498490762963881,1.7955346311787188,20.48585061729224
203457,Nerlens Noel,Oklahoma City Thunder,-1.941306206764669,1.0988741445867751,14.163095143219808
203458,Alex Len,Atlanta Hawks,-1.2285361928334935,-0.015569513522799045,21.53559770302571
203459,Allen Crabbe,Brooklyn Nets,0.6913498716069985,-0.8813312433539356,27.55288928318496
203463,Ben McLemore,Sacramento Kings,-1.2938562555656083,-0.40220554457142643,17.902307191960876
203468,CJ McCollum,Portland Trail Blazers,1.6980047752308471,0.22375611287050978,38.86429441848899
203469,Cody Zeller,Charlotte Hornets,0.2729020070308251,2.047583525733197,6.570224463565349
203471,Dennis Schroder,Oklahoma City Thunder,0.9889943509644806,-1.0162351970598522,13.19220906428284
203473,Dewayne Dedmon,Atlanta Hawks,-0.8370994541419692,0.7682780412395929,25.02709310571812
203474,DJ Stephens,Memphis Grizzlies,-1.2175805315874129,-0.6992988872211635,0.1356440462492622
203476,Gorgui Dieng,Minnesota Timberwolves,-1.3698912319135403,0.5009341328904592,13.471103743281287
203477,Isaiah Canaan,Phoenix Suns,-0.48661097950634635,-0.5489890327191913,15.20989487470831
203482,Kelly Olynyk,Miami Heat,1.2835056406062342,0.4643644557854856,27.78599377228298
203484,Kentavious Caldwell-Pope,Los Angeles Lakers,0.7199084202900883,0.5263236498665153,20.65032685546242
203485,Lorenzo Brown,Toronto Raptors,-1.124447568256627,0.2744940148826707,3.5391201040240863
203486,Mason Plumlee,Denver Nuggets,-0.8974160886209938,-0.11218504671629771,14.350516662117492
203487,Michael Carter-Williams,Houston Rockets,-2.0775788541489524,0.5861932112759648,14.297208369763355
203488,Mike Muscala,Philadelphia 76ers,0.17123259657424764,0.2418985538598119,22.18999068604822
203490,Otto Porter Jr.,Washington Wizards,1.9554314661931236,1.0273006776588476,31.171201272016056
203493,Reggie Bullock,Detroit Pistons,0.3541470542204363,-0.2042390503399492,20.533467111470966
203496,Robert Covington,Philadelphia 76ers,0.07806156199039731,2.768650311649141,23.90792080590532
203497,Rudy Gobert,Utah Jazz,-0.7418744245571738,3.925733829577939,33.59766484368738
203500,Steven Adams,Oklahoma City Thunder,0.39158242876667,2.040704055261264,35.265839493606336
203501,Tim Hardaway Jr.,New York Knicks,0.9243814447854568,-0.6127453754696853,32.95569874114336
203503,Tony Snell,Milwaukee Bucks,-0.4424572973384373,-0.47209806691322564,14.328649685447228
203504,Trey Burke,New York Knicks,0.5703871702007005,-1.6018565282618644,35.009930129281
203506,Victor Oladipo,Indiana Pacers,2.8979239719148784,1.7407162564201168,37.57940402694706
203507,Giannis Antetokounmpo,Milwaukee Bucks,2.7025137752419144,0.9977267648505747,39.00098401297942
203516,James Ennis III,Houston Rockets,-0.6863895328285587,-0.7019856664239612,14.770200571035891
203518,Alex Abrines,Oklahoma City Thunder,-0.7400522388707915,-0.5576264151893732,18.89922185248785
203521,Matthew Dellavedova,Milwaukee Bucks,-0.4782259930179786,-0.16850894357318957,7.798003235240501
203524,Solomon Hill,New Orleans Pelicans,-1.014886699084601,0.20722990093722674,9.673302127856111
203526,Raul Neto,Utah Jazz,-0.8862986536096076,0.2637196427234284,13.288639726832434
203546,Ian Clark,New Orleans Pelicans,-0.6468870018666627,-1.4683981819985277,15.003248692664823
203552,Seth Curry,Portland Trail Blazers,0.26745850349222644,-0.26394427908780593,21.615029183931842
203564,Kalin Lucas,Detroit Pistons,-1.4807627144854476,-0.4588443883566073,3.902113058721662
203584,Troy Daniels,Phoenix Suns,-0.36088106010120563,-1.8756241645645089,9.15357703053903
203585,Rodney McGruder,Miami Heat,-0.5421946025089602,-0.07128908683951153,4.8220890956348965
203613,Jonathon Simmons,Orlando Magic,-0.48422507508940343,-1.2604544417923773,32.825329098909016
203710,C.J. Williams,Minnesota Timberwolves,-0.7738875318098974,-0.23398159490980253,19.299185450265075
203894,Shabazz Napier,Brooklyn Nets,-0.43935141161475616,0.2632437494806924,7.8638358555074115
203895,Jordan McRae,Washington Wizards,-1.2081077270157157,-1.231927831465932,2.119882908455218
203897,Zach LaVine,Chicago Bulls,0.08156286773504337,-1.457315449085863,28.645136699133875
203901,Elfrid Payton,New Orleans Pelicans,0.32021454595639043,-0.5315801957089915,19.903230728977924
203903,Jordan Clarkson,Cleveland Cavaliers,-0.6155742271463389,-1.3260634342423603,5.361970879873408
203914,Gary Harris,Denver Nuggets,2.0453780662554824,-1.0053765826386363,27.799712115192605
203915,Spencer Dinwiddie,Brooklyn Nets,1.4224434025929842,-0.21674256173608294,28.749630073988186
203917,Nik Stauskas,Portland Trail Blazers,-0.7400455022397063,-0.44586755486553115,15.965621912393141
203918,Rodney Hood,Cleveland Cavaliers,-0.5481343057885724,-1.304484790400573,14.844169085308632
203920,Khem Birch,Orlando Magic,-0.9927933147431572,0.19967246569241706,16.055173012866955
203922,Glenn Robinson III,Detroit Pistons,-0.511280462270249,0.014903168967379277,3.062550005665829
203924,Jerami Grant,Oklahoma City Thunder,-1.5267790863471318,0.03659042594133751,23.010046842326307
203925,Joe Harris,Brooklyn Nets,0.6547677224877145,-1.3092940157478143,11.870018571575649
203926,Doug McDermott,Indiana Pacers,-0.7193693521811242,-0.5935468410095389,11.39208631232889
203932,Aaron Gordon,Orlando Magic,0.5591659705332324,0.22414046437088606,26.240862622004116
203933,T.J. Warren,Phoenix Suns,0.5572341706441576,-1.6994050340016926,30.665985089201826
203935,Marcus Smart,Boston Celtics,-0.32321167341609797,0.9066887723426492,29.490816587606076
203937,Kyle Anderson,Memphis Grizzlies,-0.5935074040374313,1.28466799609022,15.602819556303418
203939,Dwight Powell,Dallas Mavericks,0.25843989580434645,0.8516647510259274,24.381648380235244
203943,Noah Vonleh,New York Knicks,-0.8665270755413785,-0.29352031898038167,16.44318879655276
203944,Julius Randle,New Orleans Pelicans,-0.2806004178055508,-1.5060783417866794,21.29908575545343
203952,Andrew Wiggins,Minnesota Timberwolves,0.4281115959707252,-0.9648971923959319,34.46731151603865
203953,Jabari Parker,Chicago Bulls,0.19041169472752792,-1.1109225551151947,23.511342419305066
203954,Joel Embiid,Philadelphia 76ers,1.914773118822344,2.2915729841638375,35.04517509834638
203957,Dante Exum,Utah Jazz,-1.0567578947533232,0.030283464845898493,12.618571774067602
203960,JaKarr Sampson,Chicago Bulls,-2.410317236055947,0.4992496201226759,17.0929419854498
203961,Eric Moreland,Phoenix Suns,-2.4178557857580207,0.8197282552775101,0.544660787061896
203967,Dario Saric,Philadelphia 76ers,0.735586566226555,-0.05088440761938985,34.58772842698259
203991,Clint Capela,Houston Rockets,-0.461106259231495,1.5193356589095857,30.137250461436956
203992,Bogdan Bogdanovic,Sacramento Kings,-0.14484591243799577,-0.9821638639648246,29.68624927022531
203994,Jusuf Nurkic,Portland Trail Blazers,-1.0813621657792747,1.7944292444102976,26.263202050315144
203998,Bruno Caboclo,Memphis Grizzlies,-1.9991316034261468,-0.2488106770770664,3.3455580268776717
203999,Nikola Jokic,Denver Nuggets,3.772606726188721,1.6807398709732877,39.19118675298808
204020,Tyler Johnson,Miami Heat,0.20475533115531752,0.27417884013032007,18.037881013277065
204025,Tim Frazier,New Orleans Pelicans,-1.8132643244960698,0.16181047303426227,0.8514693105221871
204038,Langston Galloway,Detroit Pistons,-0.8324201118472442,0.14502028644834272,15.878555436500413
204060,Joe Ingles,Utah Jazz,0.42950748667323546,0.7239264142496044,34.21469671986899
204066,John Holland,Cleveland Cavaliers,-1.6507312718936595,-0.8693505424445436,13.372553540609623
204456,T.J. McConnell,Philadelphia 76ers,-1.0539675120606977,0.13253405644958963,26.389731633865654
1626143,Jahlil Okafor,New Orleans Pelicans,-1.8824424021776245,-1.0242805010944753,2.055208018492832
1626144,Emmanuel Mudiay,New York Knicks,-1.4564768103298378,-1.5190584648786503,18.488735225510197
1626145,Tyus Jones,Minnesota Timberwolves,0.42401725266365453,0.5832489412209733,13.054206008838225
1626147,Justin Anderson,Atlanta Hawks,-0.22833943445415197,-1.102973618179482,2.703613694035032
1626149,Montrezl Harrell,Los Angeles Clippers,1.9562400595308105,-0.517995104341893,24.5927184241524
1626150,Andrew Harrison,Memphis Grizzlies,-0.8497750693809046,-0.7239701820785658,11.511559601675467
1626153,Delon Wright,Toronto Raptors,0.33312263958430577,0.6144123541211236,17.889540398795592
1626154,RJ Hunter,Boston Celtics,-0.45367414896251146,-0.5675985622864436,3.5326922676762025
1626155,Sam Dekker,Cleveland Cavaliers,-0.9606265785058578,-0.3457090288236119,12.52727563224331
1626156,D'Angelo Russell,Brooklyn Nets,0.1462571771814965,-1.5147004144060336,25.89909321620217
1626157,Karl-Anthony Towns,Minnesota Timberwolves,2.2523061037752474,-0.36510649745083934,35.138343457368144
1626158,Richaun Holmes,Phoenix Suns,-0.8147584800719242,-0.38620684604248573,0.8479096439083256
1626159,Justise Winslow,Miami Heat,-1.3899545745167547,0.9866742257040555,20.835325366121825
1626161,Willie Cauley-Stein,Sacramento Kings,-0.7455654229648326,0.2021431576120703,31.081814741023972
1626162,Kelly Oubre Jr.,Washington Wizards,-0.6099885212237771,-1.1769122918947739,25.873671101759673
1626163,Frank Kaminsky,Charlotte Hornets,-0.23091173330666395,-1.1283961862819505,17.602067840718522
1626164,Devin Booker,Phoenix Suns,1.4366669051738286,-1.7994432626885049,12.40170813662944
1626166,Cameron Payne,Chicago Bulls,-0.9297094126928044,-0.6406490313275918,26.6576774407226
1626167,Myles Turner,Indiana Pacers,-1.3690364828025487,1.657963385555431,26.009921172741464
1626168,Trey Lyles,Denver Nuggets,-0.061534657359029514,-0.9937965104224531,8.960965471309816
1626169,Stanley Johnson,Detroit Pistons,-1.2212379066331156,0.5824926736346063,22.79473452004269
1626170,Jerian Grant,Orlando Magic,-0.17325014561517127,-0.10237955283169985,24.295240230807675
1626171,Bobby Portis,Chicago Bulls,-0.2874405095622454,-0.5600708609136701,22.96377334869276
1626172,Kevon Looney,Golden State Warriors,-0.4850887593542244,1.2114920616345588,12.764203264741901
1626174,Christian Wood,Milwaukee Bucks,-1.0806752506619761,-0.08808069891048176,3.92261956778941
1626178,Rondae Hollis-Jefferson,Brooklyn Nets,-0.4313547244297173,0.1720316553289522,26.765949349892253
1626179,Terry Rozier,Boston Celtics,-0.11104462447681955,0.19788850153793566,36.264667085588705
1626181,Norman Powell,Toronto Raptors,-0.8072643651175355,-0.7484720510171504,5.438941218660462
1626184,Chasson Randle,Washington Wizards,-0.22192591975622314,-0.8608311055195141,16.429944365451274
1626185,Jarell Martin,Orlando Magic,-2.418928254875295,0.029647707070835534,17.38704472181634
1626188,Quinn Cook,Golden State Warriors,0.28773956944323115,-0.8382665710916679,3.469079936468384
1626192,Pat Connaughton,Milwaukee Bucks,-1.0354860569584767,-0.27678937947196214,8.344713653305798
1626195,Willy Hernangomez,Charlotte Hornets,-0.211583104851004,-0.3422390917223555,18.835446361323466
1626196,Josh Richardson,Miami Heat,-0.10508531345734687,1.103418524047219,24.372329684637137
1626203,Treveon Graham,Brooklyn Nets,-1.338552770563109,-0.4697547699481876,10.36646570759222
1626204,Larry Nance Jr.,Cleveland Cavaliers,0.20567329059569475,1.1075818033265143,16.740871319612438
1626209,Mario Hezonja,New York Knicks,-0.39820840021368303,-0.505787648105178,26.408880545186854
1626210,Alan Williams,Brooklyn Nets,-1.833154159324386,0.06682037171580212,5.654004250192331
1626220,Royce O'Neale,Utah Jazz,-0.9931858393520564,0.3597832881311863,29.204695690466348
1626224,Cedi Osman,Cleveland Cavaliers,-0.7670509585522222,-0.9129820278188208,2.6722910158279114
1626245,Cristiano Felicio,Chicago Bulls,-1.9612455303777339,-0.5461512420140079,12.831301436463317
1626246,Boban Marjanovic,Los Angeles Clippers,0.30466638923168565,0.5786765087665547,11.34578612095114
1626257,Salah Mejri,Dallas Mavericks,-1.6385181049266462,1.5773861505111593,0.1732957248713573
1626259,Malcolm Miller,Toronto Raptors,-0.5738144036396264,-0.6118717176772015,1.7863980542956013
1626296,Jordan Sibert,Atlanta Hawks,-1.3495523992406875,-0.6351296269657234,2.743044726144097
1627215,Walter Lemon Jr.,Chicago Bulls,-2.00047693386371,-0.6503552629614804,2.2391950587428693
1627395,Julian Washburn,Memphis Grizzlies,-1.1002012371704268,-0.5071719260085724,7.901342040341522
1627732,Ben Simmons,Philadelphia 76ers,0.8532561948061553,-0.028454684843735804,35.22862928393053
1627733,Dragan Bender,Phoenix Suns,-1.892538479026429,-0.9096321265946044,26.589560418825652
1627734,Domantas Sabonis,Indiana Pacers,-1.201716633987294,0.04236667293812142,24.268411306382145
1627735,Wade Baldwin IV,Portland Trail Blazers,-1.6808546248162544,-0.09183978221271788,5.439070564838669
1627736,Malik Beasley,Denver Nuggets,-0.44427323517841455,-0.25987904276791063,1.5281835674580175
1627737,Marquese Chriss,Houston Rockets,-1.8258570118649464,-0.42686226515830533,21.95073703912771
1627738,Deyonta Davis,Atlanta Hawks,-1.887665090901187,-0.8243599482373486,19.911069472616088
1627739,Kris Dunn,Chicago Bulls,-1.2462579514370422,-0.9573926348080082,28.050733176960367
1627740,Henry Ellenson,Detroit Pistons,-1.6734846392101992,-0.6710341509378069,10.876564460503529
1627741,Buddy Hield,Sacramento Kings,0.3608374187734231,-0.258379886240766,29.53085426839713
1627742,Brandon Ingram,Los Angeles Lakers,-0.19461075746414044,-0.1998496494462722,30.50652874378912
1627743,Demetrius Jackson,Philadelphia 76ers,-0.6722506228862899,-0.6677007334723696,0.09211449738103088
1627745,Damian Jones,Golden State Warriors,-2.86862635628221,-0.5526417737272187,2.2002404901718418
1627746,Skal Labissiere,Sacramento Kings,-1.9927270158698878,-0.0869347199573303,16.714525325609394
1627747,Caris LeVert,Brooklyn Nets,0.12264545243529197,-0.967968242934404,27.733222219564134
1627748,Thon Maker,Milwaukee Bucks,-1.1272511370135054,-0.9937150558809472,12.315511842257873
1627750,Jamal Murray,Denver Nuggets,1.5642866127300308,-1.0214251895829012,37.57571841466928
1627751,Jakob Poeltl,San Antonio Spurs,-0.5313296855031904,0.5188865054020171,11.691392481003012
1627752,Taurean Prince,Atlanta Hawks,-0.2854569114897053,-0.5925271388822391,30.283555313504706
1627753,Zhou Qi,Houston Rockets,-2.4898147155401436,-0.5030450039881013,3.920295897133355
1627755,Tyler Ulis,Chicago Bulls,-0.9135902995094497,-0.5406996307938154,26.63883963231085
1627758,Ron Baker,New York Knicks,-0.9105761088224965,0.3050732916179297,6.64520943198888
1627759,Jaylen Brown,Boston Celtics,0.7462880193951831,0.6920685055076513,32.83236814848626
1627761,DeAndre' Bembry,Atlanta Hawks,-1.3895963465398498,-0.300390588498107,14.631248521466631
1627763,Malcolm Brogdon,Milwaukee Bucks,0.3838517252431115,-0.5442494489777029,26.440670198352176
1627767,Cheick Diallo,New Orleans Pelicans,-1.5761538570400146,-1.209493957802074,5.918403824331035
1627772,Daniel Hamilton,Atlanta Hawks,-1.396091401140166,-0.7423201518312514,0.8811378449128993
1627774,Jake Layman,Portland Trail Blazers,-1.8164109650737965,0.050543680713067814,1.9574120084045978
1627775,Patrick McCaw,Cleveland Cavaliers,-1.8238564060562525,-1.030452325310405,6.792256949786958
1627777,Georges Niang,Utah Jazz,-1.4579915318199077,-0.6098536748512314,2.826058481821292
1627780,Gary Payton II,Washington Wizards,-1.244670701314093,-0.5679985773573033,14.873214890619483
1627781,Malachi Richardson,Toronto Raptors,-1.1144732244442421,-0.5995447331430015,6.933902009490718
1627782,Wayne Selden,Memphis Grizzlies,-0.7721731499322154,-1.3579854751304292,23.882060361030188
1627783,Pascal Siakam,Toronto Raptors,-0.49796840581214274,0.5057180603428726,20.43765674309772
1627786,Troy Williams,Sacramento Kings,-0.7705824267934276,-0.6398339239088251,12.958384345357084
1627788,Furkan Korkmaz,Philadelphia 76ers,-1.8204835684971645,-1.0704032754647768,2.8992493426178236
1627789,Timothe Luwawu-Cabarrot,Oklahoma City Thunder,-0.6784463772484729,-0.006807722359010947,0.3152011714055862
1627790,Ante Zizic,Cleveland Cavaliers,-0.7136068646297364,-1.146797525213923,1.4862505314986576
1627812,Yogi Ferrell,Sacramento Kings,-0.4046834685830503,0.05801799971784376,13.72727256889722
1627814,Damion Lee,Golden State Warriors,-1.0070875306651914,-0.242241461610248,11.49146552121872
1627816,Alex Poythress,Atlanta Hawks,-1.6374789327645283,-0.7980156495198053,0.9483343553195737
1627820,Tyrone Wallace,Los Angeles Clippers,-1.7753940903322918,-0.5370838322076794,12.193905474071471
1627823,Juancho Hernangomez,Denver Nuggets,0.5294545255537251,-0.5504658159914508,4.167873728524703
1627824,Guerschon Yabusele,Boston Celtics,-1.0582221173007043,-0.3120183826243019,2.265467586333629
1627826,Ivica Zubac,Los Angeles Lakers,-1.5437805332005374,0.5402302031565804,10.866116184835347
1627827,Dorian Finney-Smith,Dallas Mavericks,-1.1240170466970143,0.42629914020273035,32.28921024921823
1627832,Fred VanVleet,Toronto Raptors,0.9643567193527657,0.503235101714601,21.25283974367547
1627846,Abdel Nader,Oklahoma City Thunder,-2.227688285864298,-0.7622386265937064,0.6523041472013482
1627853,Ryan Arcidiacono,Chicago Bulls,-0.9830943743740188,-0.026002597262772677,20.796618591836832
1627854,Bryn Forbes,San Antonio Spurs,-1.165984386992684,-0.6586335937462375,10.02697296016586
1627855,Okaro White,Washington Wizards,-1.1164213156892235,-0.5288320115954774,3.5087625193320555
1627863,Danuel House Jr.,Houston Rockets,-0.41086030232017845,-0.014398726130543642,29.652242979117393
1627883,Jalen Jones,Cleveland Cavaliers,-1.5387822711564119,-0.9181313997593779,15.812675724346281
1627884,Derrick Jones Jr.,Miami Heat,-0.9597302621141262,-0.08298476892774045,4.655156146695444
1627885,Shaquille Harrison,Chicago Bulls,-0.6369502283896837,0.24951064866436937,12.124529545805947
1627936,Alex Caruso,Los Angeles Lakers,-1.1689086583925956,0.35664033921973043,22.345073940107344
1628021,David Nwaba,Cleveland Cavaliers,-1.3712792185515987,-0.48112404069260073,25.530994002180947
1628035,Alfonzo McKinnie,Golden State Warriors,-1.0458471183369655,-0.7279889995673915,0.7220650670367071
1628070,Jordan Loyd,Toronto Raptors,-1.586007103032761,-0.6987942362597332,5.771387153947
1628249,Mitchell Creek,Brooklyn Nets,-1.5089986122856271,-0.677650672199971,8.533751409346511
1628365,Markelle Fultz,Philadelphia 76ers,-0.6939437198044088,-0.11098082843689304,5.758177062725303
1628366,Lonzo Ball,Los Angeles Lakers,-0.517956580162014,1.0460332005205077,36.55092844406547
1628367,Josh Jackson,Phoenix Suns,-0.7747288428279195,-1.247372204806041,28.027715901206413
1628368,De'Aaron Fox,Sacramento Kings,-1.545945480485611,-1.1730786117834073,30.386961313507076
1628369,Jayson Tatum,Boston Celtics,0.4567203249048595,1.2526975022441948,36.83959068428289
1628370,Malik Monk,Charlotte Hornets,-0.3318131419627043,-2.1993578583869,20.50474162764706
1628371,Jonathan Isaac,Orlando Magic,-2.339673507357276,0.5550342153996144,21.314886995063095
1628372,Dennis Smith Jr.,Dallas Mavericks,-0.3409513956945861,-1.3360664215923512,31.152674963475064
1628373,Frank Ntilikina,New York Knicks,-1.8604076834363446,0.30364444993279216,28.954966021299487
1628374,Lauri Markkanen,Chicago Bulls,0.08733292196656475,-1.3482056936050242,17.82580819207264
1628378,Donovan Mitchell,Utah Jazz,1.6402685146081069,0.30634471187263923,36.24654263967486
1628379,Luke Kennard,Detroit Pistons,-0.1750204760806403,-0.013146132516419438,27.658563076870777
1628380,Zach Collins,Portland Trail Blazers,-2.2283078538862062,-0.35211268853166694,17.11868775609486
1628381,John Collins,Atlanta Hawks,-0.830991334169234,-0.14662747228069245,28.290975875487398
1628382,Justin Jackson,Sacramento Kings,-0.7701026980371743,-0.5231510738247436,29.977051775684185
1628383,Justin Patton,Philadelphia 76ers,-1.2915543224473802,-0.8180709946606595,2.464177705119983
1628384,OG Anunoby,Toronto Raptors,-0.5656180522397095,0.19552176983717706,23.507545169390294
1628385,Harry Giles III,Sacramento Kings,-1.7993137394019714,-0.6664235717903886,6.638703396797554
1628386,Jarrett Allen,Brooklyn Nets,-0.8972731264041732,-0.31112661836504785,23.958944583218234
1628387,Ike Anigbogu,Indiana Pacers,-1.7084489579399817,-0.6449829479549158,0.7879663726639788
1628388,TJ Leaf,Indiana Pacers,-1.7417459216430176,-1.5431164832486175,2.114847275099522
1628389,Bam Adebayo,Miami Heat,-1.62824882690988,0.3079596139756192,15.301220487725145
1628390,Terrance Ferguson,Oklahoma City Thunder,-0.7149715457875284,-1.0404431522702473,5.034624295068174
1628391,D.J. Wilson,Milwaukee Bucks,-1.1212377549534907,-0.7207897073248011,0.8412693138006363
1628392,Isaiah Hartenstein,Houston Rockets,-2.4181518622934477,-0.7796823012566856,1.1209738417478297
1628393,Jawun Evans,Phoenix Suns,-2.247504078405477,0.12861901357672617,1.976973741077017
1628395,Jordan Bell,Golden State Warriors,-1.0970793200158013,-0.04178357292064636,13.878827900553318
1628396,Tony Bradley,Utah Jazz,-1.5611803773962125,-0.20136895011763273,0.7197371543480692
1628397,Ivan Rabb,Memphis Grizzlies,-1.060078919046885,-0.9877723530306649,12.113911708288837
1628398,Kyle Kuzma,Los Angeles Lakers,-0.002981803467992554,-0.7590839112360126,35.305888496948185
1628399,Tyler Lydon,Denver Nuggets,-1.6903327083851984,-0.6808685753052133,5.329587201584136
1628400,Semi Ojeleye,Boston Celtics,-2.7494089317972152,-0.7560757900637964,6.1413125726699835
1628401,Derrick White,San Antonio Spurs,-0.7833939419892304,0.15431986064902556,3.2032504326693414
1628402,Frank Jackson,New Orleans Pelicans,-1.0180801312993881,-0.503531138034832,5.7272372564362595
1628403,Caleb Swanigan,Portland Trail Blazers,-2.229997083259147,-0.516793257139875,2.588020946114182
1628404,Josh Hart,Los Angeles Lakers,0.5567501148705137,-0.26859433877116146,35.076539295563286
1628405,Johnathan Motley,Los Angeles Clippers,-1.5352408398376074,-0.9330057305551287,17.601775632357725
1628407,Dwayne Bacon,Charlotte Hornets,-2.1957657942539694,-0.46049561763907765,13.270023481590075
1628408,PJ Dozier,Boston Celtics,-1.3155896056580265,-0.7432454266453018,2.503148495102264
1628410,Edmond Sumner,Indiana Pacers,-1.281474789714557,-0.7342485408289415,5.237885480226191
1628411,Wes Iwundu,Orlando Magic,-1.4677977132035436,0.1625377168305692,19.85673050831784
1628412,Frank Mason,Sacramento Kings,-0.9094444863694463,0.1700207653733775,16.705856255652304
1628413,Jonah Bolden,Philadelphia 76ers,-1.8004009515968638,-0.7888474902942983,8.024281262367424
1628414,Sindarius Thornwell,Los Angeles Clippers,-1.9217776699164992,0.07269344204952097,13.410172439683603
1628415,Dillon Brooks,Memphis Grizzlies,-0.908998745264807,-0.348053326824901,30.068616900190353
1628416,Tyler Dorsey,Atlanta Hawks,-1.039932831312099,-1.0007353849702134,25.6124979069732
1628417,Jaron Blossomgame,Cleveland Cavaliers,-1.4723213661675303,-0.6370087910875158,6.788996064466804
1628418,Thomas Bryant,Washington Wizards,-1.6620614596318881,-0.6460637879392551,3.2029570013182127
1628420,Monte Morris,Denver Nuggets,-1.265308282965773,-0.5459948082436076,4.309341153177296
1628421,Devin Robinson,Washington Wizards,-1.707753195075493,-0.41864568174508304,4.7141983071714115
1628422,Damyean Dotson,New York Knicks,-0.5463123677094751,-0.5162101657402549,12.542585351361685
1628424,Kobi Simmons,Cleveland Cavaliers,-1.8873190100373176,-1.4001193097174087,15.576062001775952
1628425,Sterling Brown,Milwaukee Bucks,-0.9451751509299492,-0.2064265631619794,3.3322036720308947
1628432,Davon Reed,Indiana Pacers,-2.090862124570446,-0.6182049002466494,10.463857579523639
1628436,Luke Kornet,New York Knicks,-1.3084280627864067,-0.8518643624052893,9.595668978937196
1628439,Isaiah Hicks,New York Knicks,-2.312792430896028,-0.6052458352344924,8.802623031063167
1628443,Kadeem Allen,New York Knicks,-1.7463163277173719,-0.5468405522227222,10.56544905152193
1628449,Chris Boucher,Toronto Raptors,-1.8715448119746674,-0.5029821045787849,1.6654304825998818
1628462,Milos Teodosic,Los Angeles Clippers,-0.4100995840356259,-0.6833756273286535,8.369771125566041
1628463,Tyler Cavanaugh,Utah Jazz,-0.2528726081711789,-0.8656654068481542,4.256773939856244
1628464,Daniel Theis,Boston Celtics,-0.8884483164493984,0.34169734861223483,15.30078436789268
1628467,Maxi Kleber,Dallas Mavericks,-0.023728799599280266,-0.19907255408334146,17.593835391591053
1628469,Antonio Blakeney,Chicago Bulls,-0.8504764014884705,-1.0233078132090765,18.35649874976091
1628470,Torrey Craig,Denver Nuggets,-1.5537482687859536,-0.850863407261979,6.854776188516213
1628505,Troy Caupain,Orlando Magic,-1.4998297954066366,-0.8600291073934035,6.0296794434351035
1628513,Naz Mitrou-Long,Utah Jazz,-1.3706754841514537,-0.6505583039052404,0.16393193739333914
1628515,Isaiah Briscoe,Orlando Magic,-1.5964834055794452,-0.7854338151300734,4.651411724417256
1628518,Amile Jefferson,Orlando Magic,-1.7361909498120434,-0.580334369439057,1.7797592643579883
1628537,Jaylen Morris,Milwaukee Bucks,-1.6152120283588396,-0.8689413108105434,5.680634026214343
1628605,Dusty Hannahs,Memphis Grizzlies,-1.5068961968835153,-0.7062611886161619,6.152879400834137
1628656,Billy Garrett,New York Knicks,-1.3601866062517085,-0.7757527121219929,6.823317123663259
1628769,Tahjere McCall,Brooklyn Nets,-1.6027442284953555,-0.7307616080827123,7.640190829186039
1628959,Rawle Alkins,Chicago Bulls,-1.6920361034176628,-0.9870098090664112,2.1864250854144243
1628960,Grayson Allen,Utah Jazz,-1.190415417478795,-0.7299291216725515,8.562380658669051
1628961,Kostas Antetokounmpo,Dallas Mavericks,-1.792161291738561,-0.7207733220592097,0.5218965749690115
1628963,Marvin Bagley III,Sacramento Kings,-1.3341627007866925,-0.5531840086147997,23.086080117384725
1628964,Mo Bamba,Orlando Magic,-2.2687240044065375,-0.6762234635771059,15.57486017354477
1628966,Keita Bates-Diop,Minnesota Timberwolves,-1.867960446093145,-0.8579023839499539,1.850385271330881
1628969,Mikal Bridges,Phoenix Suns,-1.2278741669604898,-0.8107787353801548,17.457828629614266
1628970,Miles Bridges,Charlotte Hornets,-1.7538819929539633,-0.8419339733515653,13.891050315679362
1628971,Bruce Brown,Detroit Pistons,-1.6444377708351825,-0.7973000563264432,7.6764047641425766
1628972,Troy Brown Jr.,Washington Wizards,-1.837374537140624,-0.908073142763852,6.783495694652876
1628973,Jalen Brunson,Dallas Mavericks,-1.495529142496954,-0.8358503296558921,10.421167007066398
1628975,Jevon Carter,Memphis Grizzlies,-1.3369486883791033,-0.7101403770043151,1.7929238400589862
1628976,Wendell Carter Jr.,Chicago Bulls,-1.5792815481196778,-0.9183648976623034,14.814912619733597
1628977,Hamidou Diallo,Oklahoma City Thunder,-1.9814374175617837,-0.9225477393108241,3.9280922482960423
1628978,Donte DiVincenzo,Milwaukee Bucks,-1.3625336919009372,-0.8396393507983767,13.752742025315694
1628979,Trevon Duval,Milwaukee Bucks,-1.3435402894185258,-0.8294211798019976,2.208814563537535
1628980,Jacob Evans,Golden State Warriors,-1.3065142573943649,-0.7841766090692617,5.472022154487955
1628982,Melvin Frazier Jr.,Orlando Magic,-1.7847721352153325,-0.8515480914684729,6.955026102491082
1628983,Shai Gilgeous-Alexander,Los Angeles Clippers,-1.6890546698234368,-0.9586607155829309,14.422142121002958
1628984,Devonte' Graham,Charlotte Hornets,-1.333709809655107,-0.756372650346417,9.107794775476373
1628988,Aaron Holiday,Indiana Pacers,-1.1614713085469608,-0.8855977266829517,12.987063295687129
1628989,Kevin Huerter,Atlanta Hawks,-1.8847755020474355,-0.8776354345327112,9.418266057552648
1628990,Chandler Hutchison,Chicago Bulls,-1.6484498268873022,-0.7859651765693236,11.710089485979932
1628991,Jaren Jackson Jr.,Memphis Grizzlies,-1.9673328398919072,-0.6757311659820435,17.214213214552135
1628993,Alize Johnson,Indiana Pacers,-1.7706519986699352,-0.788295598943304,5.627742590706314
1628994,George King,Phoenix Suns,-1.31685461220657,-0.7887462829592741,3.818477056464777
1628995,Kevin Knox II,New York Knicks,-1.9195513301669338,-0.8190722553206798,13.265897526471676
1628999,Yante Maten,Miami Heat,-1.554722815479593,-0.710804083757686,0.1786078305332266
1629001,De'Anthony Melton,Phoenix Suns,-1.8269583453612321,-0.8543168693968826,5.11382166425234
1629002,Chimezie Metu,San Antonio Spurs,-2.501199896762756,-0.8973188919301902,3.0800793872286985
1629003,Shake Milton,Philadelphia 76ers,-1.6548921354037898,-0.9090822737376723,1.2575744875489494
1629004,Svi Mykhailiuk,Los Angeles Lakers,-1.768802846731569,-0.8744481514352153,3.175140090266729
1629006,Josh Okogie,Minnesota Timberwolves,-1.5269296998196011,-0.7515210696562828,7.53178678192928
1629010,Jerome Robinson,Los Angeles Clippers,-1.330043485265914,-0.820480863156213,12.91339571754568
1629011,Mitchell Robinson,New York Knicks,-2.3029347181548077,-0.7410376722811023,2.5897624182466563
1629012,Collin Sexton,Cleveland Cavaliers,-0.9062297828515277,-1.06377499014445,17.329504755600627
1629013,Landry Shamet,Philadelphia 76ers,-1.4219537207253474,-0.8165800692356281,10.45722306418666
1629014,Anfernee Simons,Portland Trail Blazers,-1.5608144708075626,-0.9010733435789752,6.917618348018869
1629015,Zhaire Smith,Philadelphia 76ers,-1.0972902210044806,-0.7505672181683261,9.64309899321123
1629016,Omari Spellman,Atlanta Hawks,-2.1119995598258696,-0.925554085263551,7.322162794070514
1629017,Khyri Thomas,Detroit Pistons,-1.4634871294812068,-0.7703501623858938,7.390680769568819
1629018,Gary Trent Jr.,Portland Trail Blazers,-1.8660827986878528,-0.8826103144800258,4.010500400999353
1629019,Allonzo Trier,New York Knicks,-1.9864400275059726,-0.8330161249028064,5.739638867342123
1629020,Jarred Vanderbilt,Denver Nuggets,-1.9797708675144712,-0.7276785937903516,1.9754072136177485
1629021,Moritz Wagner,Los Angeles Lakers,-2.358909510098079,-0.7902376041807229,4.386980417743669
1629022,Lonnie Walker IV,San Antonio Spurs,-1.3401159294137082,-0.8566203561830911,8.811199623485225
1629026,Kenrich Williams,New Orleans Pelicans,-1.736778302005753,-0.8508290954665232,6.245869553626692
1629027,Trae Young,Atlanta Hawks,-0.7366346392846519,-1.132967273376728,21.23124561655735
1629028,Deandre Ayton,Phoenix Suns,-1.1293640627025872,-0.6735440001382331,29.087860359298862
1629029,Luka Doncic,Dallas Mavericks,-0.844213745210138,-0.7163785291507215,22.0101500132347
1629033,Theo Pinson,Brooklyn Nets,-1.9233676694948294,-0.8501672944143209,3.4370862914095097
1629034,Ray Spalding,Dallas Mavericks,-2.6010024323346257,-0.9514235043717072,2.7562497081177217
1629045,Bonzie Colson,Milwaukee Bucks,-1.519186649952665,-0.9351295449622479,5.366328167793363
1629053,Vincent Edwards,Houston Rockets,-1.9178147475191454,-0.8093957291939945,2.5756306348091074
1629055,Donte Grantham,Oklahoma City Thunder,-1.775488441586502,-0.7284388466494567,3.1010162089394697
1629057,Robert Williams III,Boston Celtics,-2.1927287018420416,-0.8571749175743297,6.483808080955096
1629058,Dzanan Musa,Brooklyn Nets,-2.6308747224107756,-0.9186364447470509,3.2321676265788395
1629059,Elie Okobo,Phoenix Suns,-1.513683657959384,-0.8308623307928503,8.623326982102117
1629061,Deng Adel,Cleveland Cavaliers,-2.0004667939144354,-0.8672760398737627,3.578404088610706
1629066,Rodions Kurucs,Brooklyn Nets,-2.573728547192318,-0.8306868534321867,3.9353828723675206
1629067,Isaac Bonga,Los Angeles Lakers,-2.3874900989327035,-0.8966935389272715,1.445340976629319
1629093,Tyler Davis,Oklahoma City Thunder,-3.0122568569362516,-0.647700007802489,1.3046295177755236
1629094,Marcus Derrickson,Golden State Warriors,-1.8238401738950976,-0.8000869912894253,4.574852766587906
1629102,Brandon Sampson,Chicago Bulls,-1.7708677587482748,-0.9777797628046945,2.702151084622353
1629109,Gary Clark,Houston Rockets,-1.5982849548697153,-0.9103140822331249,6.2907695574643725
1629116,Angel Delgado,Los Angeles Clippers,-2.017068145225531,-0.6573555622833195,4.773168315138472
1629118,Thomas Welsh,Denver Nuggets,-2.509268737940958,-0.4559807913322308,2.534717004236526
1629121,Jaylen Adams,Atlanta Hawks,-1.920054630578639,-0.8773797413323345,6.063316639651302
1629122,J.P. Macura,Charlotte Hornets,-1.4140229213168485,-0.8462950659343899,6.591064886399695
1629123,Jared Terrell,Minnesota Timberwolves,-1.5209064506942493,-0.8897169733875679,7.182730433576834
1629126,Deonte Burton,Oklahoma City Thunder,-1.586459024065217,-0.7436819859106039,5.662882002705032
1629130,Duncan Robinson,Miami Heat,-1.7550573867574732,-0.7473953843461791,2.5761330845413797
1629133,Daryl Macon,Dallas Mavericks,-1.822645545792923,-0.9459346091856442,3.3132774129098697
1629139,Yuta Watanabe,Memphis Grizzlies,-1.91461395539961,-0.7518743879886214,5.58426560598531
1629140,Johnathan Williams,Los Angeles Lakers,-2.3945087387486184,-0.7872608522622454,3.5202427828942287
1629147,Joe Chealey,Charlotte Hornets,-1.296043546775434,-0.8517137955015119,6.172448968571868
1629150,Emanuel Terry,Phoenix Suns,-2.433754636668149,-0.8446620077241439,3.345744114522795
1629151,Ryan Broekhoff,Dallas Mavericks,-1.4600957143113096,-0.4383009842149269,9.167608809997839
1629152,DeVaughn Akoon-Purcell,Denver Nuggets,-1.4463772870846017,-0.6804271912665794,5.655051054592132
1629155,Zach Lofton,Detroit Pistons,-1.4592908854232405,-0.7005606626423576,8.759249463100444
1629164,Brandon Goodwin,Denver Nuggets,-1.565815821145032,-0.9337443399479899,1.5708319638030932
1629168,BJ Johnson,Atlanta Hawks,-1.9712532006968109,-0.7934822199502839,3.9982272647920296
1629185,Chris Chiozza,Houston Rockets,-1.4089412371937189,-0.8483342922491772,6.216200063872477
1629203,Jemerrio Jones,Los Angeles Lakers,-1.5794703952206113,-0.8389320138592236,6.734006732991299
1629234,Drew Eubanks,San Antonio Spurs,-2.5608778660390485,-0.8939847117986289,1.9754354249944668
1629244,Cameron Reynolds,Minnesota Timberwolves,-1.9466850473345514,-0.820659721995556,3.1074587783211216
1629312,Haywood Highsmith,Philadelphia 76ers,-1.9713488984622938,-0.8567703680798894,3.7407905685563865
1629353,Isaac Humphries,Atlanta Hawks,-2.765536947766462,-0.6305403446073662,0.3241279474676948
1629541,Dairis Bertans,New Orleans Pelicans,-0.9135969220054325,-0.25908204133516843,10.229281608922788
